case_id,phase,dicom_dir,series_uid,source,note
1,arterial,E:\Kidney Case (anonymous\1\DICOM\IOD_arterial\DICOM\25090813\02000000,1.3.12.2.1107.5.8.15.101847.30000025090813441289900001740,auto,
1,late,E:\Kidney Case (anonymous\1\DICOM\IOD_late\DICOM\25090812\59450000,1.3.12.2.1107.5.8.15.101847.30000025090813441289900000912,auto,
1,venous,E:\Kidney Case (anonymous\1\DICOM\IOD_venous\DICOM\25090813\00470000,1.3.12.2.1107.5.8.15.101847.30000025090813441289900001140,auto,
